job,marital,education,default,balance,housing,loan,contact,day,month,duration,campaign,pdays,subscription_prediction
2,0,1,0,1500,0,0,1,3,2,465.8398790577043,150.99138826085766,-1,1
0,0,1,1,2000,0,0,0,15,1,56.50703131076567,73.83123307419505,10,1
1,0,1,0,2500,0,0,1,9,0,352.4260008603041,239.1744227599006,-1,1
2,1,0,1,1000,0,1,0,23,2,521.8950142587182,-3.328922112467539,8,0
2,1,2,0,3500,0,0,1,4,3,270.2987097518419,128.94562963609692,5,1
