age,job,marital,education,default,balance,housing,loan,contact,day,month,duration,campaign,poutcome,subscription_prediction
0.0,2,0,1,0,1500,0,0,1,3,0,-0.48125,-1.0,0,0
0.9285714285714286,0,0,1,1,2000,0,0,0,15,1,0.51875,0.0,1,0
-0.7142857142857143,1,0,1,0,2500,0,0,1,9,2,-0.9,1.0,2,0
-1.7142857142857142,2,1,0,1,1000,0,1,0,23,3,1.26875,-1.0,3,0
0.2857142857142857,2,1,2,0,3500,0,0,1,4,4,0.0,0.0,1,0
